lat,lon,froce_cyclone,ventricité
37.6875,-64.0625,2.5239758464919705e-07,3.47518603400298e-05
30.1875,136.5625,8.391798522707289e-07,4.5256531146899265e-05
38.9375,-49.5625,1.5335367080180149e-06,7.145665260691947e-05
38.3125,-60.0625,7.586479442439184e-07,2.8962705622447586e-05
26.9375,132.6875,9.172856676123478e-07,4.157110450225112e-05
32.3125,134.6875,6.058249761493475e-07,5.036111216481455e-05
34.3125,143.4375,2.5967621134147814e-06,8.29845433103152e-05
-38.0625,44.4375,4.3000334916120475e-07,-2.5044868272237515e-05
36.0625,148.4375,8.247531393899151e-07,5.9610131886324283e-05
37.5625,-68.6875,5.678182432218514e-07,7.696764573029313e-05
40.1875,-56.6875,1.162149751473185e-06,3.7552658182457086e-05
-34.0625,153.4375,7.128538680193091e-07,-3.8111507376286196e-05
-36.9375,25.6875,1.7005369987811842e-06,-7.320242684557732e-05
-38.4375,-47.5625,3.210732495288968e-07,-2.7926998213041363e-05
-37.3125,39.6875,8.542456551677479e-07,-5.231040892731464e-05
39.6875,-52.4375,6.304747677743708e-07,3.869114925801371e-05
37.8125,-46.0625,3.203744276061116e-07,2.956817065776824e-05
-40.3125,18.0625,5.347742968339205e-07,-3.2904704457408716e-05
-43.8125,78.4375,6.794263134189769e-07,-2.7677809904741342e-05
33.1875,161.1875,5.607485870501486e-07,2.3340530053119862e-05
-38.4375,14.4375,6.676067614368126e-07,-3.0289243520172076e-05
-38.8125,30.8125,5.101495314580045e-07,-2.7785471906230685e-05
-40.8125,63.3125,5.878965032369669e-07,-2.0230200300539e-05
46.1875,-38.3125,2.089619465096006e-07,2.2104443458394643e-05
-47.8125,-32.3125,7.126357240833356e-07,-2.3817300152760572e-05
-39.6875,34.4375,4.453138112028421e-07,-2.4209911954431043e-05
-51.3125,83.5625,7.411328070036132e-07,-3.689946304765109e-05
-54.0625,154.8125,1.0392458935396374e-06,-3.803364340683003e-05
35.4375,157.6875,7.455192789590151e-07,2.1322516928123624e-05
23.6875,-84.0625,7.403825525306329e-07,4.574010566571717e-05
-39.1875,23.4375,6.20141373940135e-07,-5.198059164521622e-05
-33.6875,30.6875,7.858318111776989e-07,-3.059565178818968e-05
-53.4375,85.5625,7.68703604876427e-07,-2.719052567487871e-05
-44.9375,-33.0625,8.090646962053773e-07,-3.308230287536215e-05
42.8125,-42.8125,4.439597502263257e-07,2.3555272663295934e-05
30.5625,-77.4375,1.0410621567979057e-06,5.9078600994391236e-05
-43.5625,-39.8125,8.081834085115013e-07,-3.2359053321651286e-05
34.1875,-72.9375,4.7222663416388945e-07,3.479713742907924e-05
33.9375,-63.6875,4.585577021281849e-07,4.488092821766426e-05
-37.1875,47.5625,9.771079373878115e-08,-2.417675278398892e-05
-35.9375,28.3125,1.0449707070374237e-06,-3.328538024217972e-05
-49.4375,127.5625,1.9808258183583867e-07,-1.4794651160725613e-05
-41.9375,-33.8125,6.770561962428582e-07,-2.0387291201147342e-05
-41.8125,52.6875,2.874861973286627e-07,-1.3270683005314832e-05
35.3125,-61.8125,7.166731843506209e-07,4.138383153872509e-05
-42.0625,-48.6875,8.775856642084991e-07,-3.061735335005472e-05
-48.9375,-37.5625,1.050898222474746e-06,-4.61403857334732e-05
35.3125,152.9375,7.492865391251423e-07,1.8882783121563223e-05
-58.3125,-65.4375,5.796235858327478e-08,-2.6767890898836274e-05
-36.4375,32.1875,2.1387531538775634e-06,-7.141894113931863e-05
-53.0625,-148.8125,2.0035597377017964e-07,-1.622863161952358e-05
34.8125,-68.6875,4.506940910087256e-07,2.3267457890240995e-05
-49.3125,131.8125,7.251141628850425e-07,-2.8606737837395857e-05
-39.9375,-32.6875,3.1562988541998655e-07,-2.9911294759834168e-05
-35.9375,17.0625,5.012457636522605e-07,-3.231617838538599e-05
-39.1875,56.5625,7.059061755676622e-07,-2.7630548644835385e-05
-38.6875,53.5625,2.69927652713843e-07,-2.3374585810656552e-05
-50.9375,79.8125,8.943929100893833e-07,-4.9889563842199475e-05
-52.9375,-141.6875,2.061761203793906e-06,-4.64386169100751e-05
-39.8125,-42.3125,3.9516728006899035e-07,-1.5605503882300763e-05
49.8125,-41.6875,1.043841527277347e-06,3.654095209320213e-05
-55.5625,-135.5625,1.8068866848080953e-06,-5.5625974410272234e-05
-47.1875,-36.1875,2.0011002159965536e-06,-4.533477057940734e-05
-50.4375,90.1875,1.6144260039045083e-06,-5.937216201762853e-05
-51.8125,96.8125,2.933079546334944e-07,-2.0724320380800154e-05
-45.9375,-29.8125,2.083846252631534e-07,-1.3736313605358145e-05
-25.8125,36.4375,7.386861650670013e-07,-5.0445085864266024e-05
-29.0625,38.5625,5.389609632958382e-07,-1.8690005349011143e-05
30.8125,131.8125,3.8949890053855453e-07,4.748387719608181e-05
-49.8125,28.5625,7.487712525818018e-07,-2.717755403465784e-05
36.3125,-55.6875,3.263573979607809e-07,1.7021857242127742e-05
-37.6875,151.5625,8.050877386225537e-07,-2.3138843408166943e-05
-46.9375,116.8125,1.1079974797142718e-06,-3.6061269776376035e-05
-39.8125,-51.9375,1.1262463227640871e-07,-1.7872590732397668e-05
32.0625,-75.1875,6.205772903014682e-07,4.100918261998257e-05
-37.8125,19.4375,4.5330331333684347e-07,-2.5707921610281915e-05
-47.0625,-3.4375,9.866835407777247e-07,-3.432547725953353e-05
30.4375,142.8125,2.6896520515053033e-07,1.6584968348583017e-05
-51.1875,93.4375,9.344995747905152e-07,-3.671157629048072e-05
-41.0625,56.6875,6.291615319005618e-07,-3.270207003695808e-05
-50.5625,87.6875,9.81123162770419e-07,-5.970556759320857e-05
-47.9375,-25.5625,2.1130275391293087e-07,-9.941655520955514e-06
-48.1875,24.3125,5.468911584944967e-07,-2.385370756860295e-05
36.3125,167.3125,4.717622018970822e-07,2.5412965067637586e-05
-48.0625,-52.0625,4.6965909909032754e-07,-2.6249793596273114e-05
31.4375,-71.8125,2.6699934814327114e-07,1.5660730343533784e-05
-50.6875,123.8125,7.440539639253568e-07,-2.1535010379298613e-05
-46.1875,82.1875,7.528822926041423e-07,-3.654448494042749e-05
-59.3125,-70.5625,1.0894057496184726e-06,-4.129297350671323e-05
-58.6875,-124.1875,3.863535028571488e-07,-3.46457902127527e-05
35.9375,173.8125,4.884357974945537e-07,1.7945712423570856e-05
-56.3125,174.6875,6.152137496429686e-07,-1.9753989005508764e-05
-53.6875,147.8125,5.580617064986835e-07,-2.7640561973557414e-05
-41.1875,15.4375,8.538041659040086e-07,-2.1906930959598616e-05
36.6875,165.8125,6.721435628343641e-07,2.1116704092110274e-05
30.6875,145.9375,7.303556281018709e-07,2.9531962938093906e-05
-56.3125,-108.9375,1.1674291379222899e-06,-2.933961387135789e-05
-60.9375,-114.6875,3.2359317098398183e-07,-1.3671932470520695e-05
39.1875,-41.3125,1.951224552618354e-07,1.1243903014319072e-05
-49.6875,-19.1875,1.468981108031522e-06,-3.823165712968142e-05
25.9375,-88.8125,2.016500360533964e-07,1.6666921531284955e-05
-22.8125,37.3125,6.023263425164774e-07,-2.9617003046623105e-05
-62.6875,-112.0625,6.281526985157847e-07,-1.6934209853162077e-05
47.0625,-41.6875,4.373168805118965e-07,2.68295381383887e-05
-58.6875,-87.8125,7.788591248959968e-07,-2.1357339204741693e-05
34.8125,-47.0625,6.251882739254038e-07,1.9754492321827814e-05
-56.4375,155.4375,1.1148575927442781e-06,-2.7180354640269083e-05
-28.6875,43.5625,6.104230983948264e-07,-1.7671831785551685e-05
-44.0625,70.0625,5.190783324268354e-07,-1.0359329839897235e-05
-45.0625,-4.6875,4.1161011719348855e-07,-2.2186238076325575e-05
-52.8125,88.6875,4.724262120751812e-07,-3.208381527836491e-05
-58.4375,-132.5625,1.4040322445927281e-06,-4.080196100506199e-05
-52.0625,29.5625,1.227609804846585e-07,-2.5691511440416847e-05
29.5625,139.4375,3.8367233077777453e-07,1.7507196924620904e-05
38.0625,-57.5625,1.9579753183269816e-06,6.092837322844084e-05
-58.6875,174.3125,5.80038230868194e-07,-2.943157803874457e-05
-46.9375,110.1875,3.7143921209872947e-07,-1.169844361451845e-05
48.1875,-32.8125,3.4517512083347947e-07,1.0524690232703827e-05
-50.6875,119.9375,1.2731305443632282e-07,-1.8225254529911866e-05
-48.4375,33.9375,6.467340278080714e-07,-2.6090744416112756e-05
-50.9375,32.8125,1.2978330217487542e-06,-3.544133811389443e-05
-62.3125,-73.8125,1.2722000279312592e-06,-2.763931953467778e-05
-48.8125,-44.0625,4.5618097678050125e-07,-2.31367968257944e-05
28.1875,-76.3125,7.198178999339545e-07,3.273216561735553e-05
-59.6875,-96.0625,5.99114102755722e-07,-2.265708587780172e-05
31.6875,170.5625,5.968103577437155e-07,3.7690392600439205e-05
-60.9375,-118.6875,2.982427786835309e-07,-1.4361826683307651e-05
-59.3125,-127.8125,1.2075313542103468e-06,-5.151332229639291e-05
23.0625,151.9375,3.137392795898816e-07,1.9031857561843997e-05
-47.4375,27.9375,4.794988165318282e-07,-1.8696741671969335e-05
-59.3125,-115.3125,9.57258023344282e-07,-2.6123995266386802e-05
44.0625,-38.8125,6.239698952645125e-08,9.078856675952907e-06
-47.6875,113.8125,2.685619551084871e-07,-1.5671143203441756e-05
-56.6875,-52.3125,7.908269195184265e-07,-3.621578766504435e-05
-34.5625,9.3125,3.498960364030907e-07,-2.6534567072399868e-05
49.1875,-38.5625,6.784575306687929e-07,2.966824199360977e-05
18.3125,-158.0625,2.9858148250069467e-07,3.623518648566657e-05
-42.4375,18.3125,1.2583400455289886e-06,-2.8417759405591836e-05
-57.9375,-122.3125,1.3853688707768747e-06,-3.717635449252051e-05
-57.3125,-114.9375,2.7377109438849335e-07,-2.9780118538864078e-05
-60.1875,89.3125,7.483595166762401e-07,-1.866646246131037e-05
-34.3125,158.3125,2.452806639384152e-07,-3.215449334244298e-05
-55.5625,157.6875,2.0438163337637645e-07,-1.59239880666068e-05
-52.5625,-125.4375,1.873602694836304e-06,-3.8667241822752335e-05
-14.4375,93.3125,7.779244129780942e-08,-1.0383622092709926e-05
-58.0625,129.5625,1.3163477658271685e-07,-7.737629817589504e-06
60.8125,-151.4375,1.473950248049676e-06,2.6171960088557694e-05
-59.8125,123.3125,6.194853037952807e-07,-1.9522566436677386e-05
-22.8125,53.4375,1.7813682357533598e-07,-1.779258409183034e-05
-48.6875,135.6875,5.544104711836289e-07,-2.065576482636659e-05
-60.1875,-126.1875,9.85421307570494e-07,-3.5022948589385045e-05
-60.9375,-88.6875,6.394699513124694e-07,-1.8053597769889704e-05
-64.6875,-116.3125,1.9524206223043575e-07,-1.1449454070762083e-05
-48.4375,95.6875,7.919929160211867e-07,-2.981837242074392e-05
-11.4375,93.6875,1.0382981044263134e-07,-1.0414106158273402e-05
29.9375,128.5625,6.314481271012989e-07,2.8406805554062222e-05
31.6875,152.3125,5.695431019555702e-07,1.9430905483395344e-05
-59.1875,-130.3125,8.403513712751163e-07,-2.7117737916578073e-05
-61.6875,-120.6875,8.548280107019468e-07,-2.424548147790102e-05
-25.1875,48.9375,1.0213555573170223e-06,-3.4503769527255175e-05
-53.4375,32.9375,1.2792386263467055e-06,-3.089311854514481e-05
-56.6875,-139.9375,1.6867557792831925e-07,-1.3398426728022592e-05
32.6875,148.6875,1.1993562840148228e-07,1.0715751063796047e-05
75.6875,146.1875,8.43222669358414e-08,3.0166946719111234e-06
-16.0625,42.8125,1.7866832935949166e-07,-3.1263901751243624e-05
-30.1875,159.4375,3.1895058710962485e-07,-2.547908156304978e-05
-54.8125,-131.8125,1.3350064161342536e-06,-4.038715286304479e-05
31.4375,167.0625,5.086953937995236e-07,2.1385630912625077e-05
21.4375,146.3125,1.472530939870622e-07,1.1089365207454397e-05
-58.9375,-107.6875,4.791278528019711e-07,-2.3426554328648063e-05
-64.1875,-107.4375,2.5808073291408277e-08,-1.8291819673652642e-06
-59.6875,114.8125,2.638307109128556e-07,-1.0624973539623671e-05
-51.4375,151.4375,1.502112843480274e-06,-4.329885899564658e-05
-24.9375,41.4375,4.082956839898697e-07,-1.801999722538058e-05
-59.4375,168.9375,3.4121903974179677e-07,-3.0304359804355516e-05
-28.5625,46.5625,2.1847417894916724e-07,-1.407379544695832e-05
41.5625,-32.0625,7.778952421691864e-08,9.395616282080443e-06
-51.9375,104.9375,3.609098788744862e-07,-2.1324875091205128e-05
-37.6875,-51.0625,3.493959298562383e-07,-4.014463320512371e-05
44.9375,151.6875,1.477579319802448e-07,1.7845883662295012e-05
-44.0625,106.0625,6.800897871764106e-07,-1.9741475058170715e-05
32.4375,-56.5625,5.143310301982786e-07,2.0449352988262887e-05
-62.9375,-122.3125,8.685752784025138e-07,-1.843560657798066e-05
30.9375,157.4375,3.684543288182943e-07,1.780590851370576e-05
45.3125,-30.3125,1.6389805951163655e-07,6.887937095260134e-06
22.0625,-69.3125,2.800245819334345e-07,1.8803184808635662e-05
23.9375,-65.1875,2.2299072316346382e-07,1.1783570341126864e-05
-62.6875,-95.5625,3.071091977495842e-07,-1.357082497514489e-05
69.6875,-163.8125,2.3980600314396234e-07,7.774917130913199e-07
-44.3125,84.8125,1.3983613558312679e-06,-3.6927983517205185e-05
-61.0625,-109.6875,3.355583992794523e-07,-1.0443859255925961e-05
-54.3125,150.1875,6.498815852810679e-07,-2.0095813241364878e-05
-54.8125,-114.1875,4.685192419280611e-07,-1.4223839946857907e-05
-58.1875,-117.6875,4.565341704746026e-07,-2.7454526505014356e-05
-53.0625,90.6875,5.484443578062274e-07,-1.2174182291115575e-05
24.1875,-69.9375,2.834026639825747e-07,1.9347827711674133e-05
-51.5625,-138.8125,1.1245030633948914e-06,-1.8725833883292652e-05
-29.6875,112.1875,6.375758100554785e-08,-2.1436587327473744e-05
48.6875,-17.3125,6.479948627466933e-07,2.2577225347816827e-05
33.6875,-50.0625,9.33105917802815e-07,2.503655489748394e-05
35.0625,-53.0625,2.1629780579761842e-07,7.102335099786791e-06
21.6875,129.4375,3.26833854245401e-07,2.341716395985356e-05
21.4375,141.3125,7.642723310049473e-08,1.2380937753315016e-05
38.8125,-35.9375,2.0655960723786183e-07,8.23214636283645e-06
58.8125,-21.4375,7.961857685353642e-07,2.1484613619474e-05
-59.5625,32.6875,1.3963008824720518e-07,-1.0987603734855307e-05
-50.8125,100.4375,6.745459767018741e-08,-2.31539186432433e-05
45.1875,-32.3125,1.0390677167097479e-07,1.2495663216515064e-05
-55.9375,-119.5625,6.304435633564977e-07,-1.8451383655636547e-05
-34.5625,102.1875,5.024645099686978e-07,-1.5522491423943935e-05
27.3125,170.6875,2.1781474800715842e-07,1.0663597047119629e-05
-60.5625,-80.8125,7.655621398728818e-07,-1.994295995828964e-05
-43.8125,98.5625,2.942080390396137e-07,-1.39007781847917e-05
-50.3125,-165.9375,5.217023379697586e-07,-2.019685732469909e-05
-41.3125,150.0625,8.598192607476212e-07,-4.008959142136401e-05
-59.6875,-121.4375,8.246198130438821e-07,-2.689032514286356e-05
37.9375,134.4375,6.991366976793648e-08,1.9769605300128217e-05
-53.6875,-138.3125,4.4744235743366643e-07,-3.695316287081369e-05
-56.3125,-95.5625,6.618941170705393e-07,-2.0250860046541753e-05
-65.4375,-122.1875,1.734977256069478e-07,-1.2025678792663077e-05
21.1875,155.9375,1.1771435412821803e-07,1.5549218563246938e-05
40.5625,-45.5625,5.015970589417961e-07,2.546962640470285e-05
-52.8125,141.9375,2.0951102344408162e-07,-8.149786766778591e-06
-33.9375,50.4375,2.546017144966409e-07,-1.2800609744660788e-05
27.5625,143.4375,4.067185345785457e-07,1.924655102907477e-05
-40.4375,84.8125,2.8244107408500903e-07,-1.4199342575374058e-05
74.4375,123.3125,1.1035750824139255e-07,4.1264483809405316e-06
-41.4375,90.8125,4.081433051226626e-07,-2.2860275292826534e-05
42.9375,-53.6875,3.151446283336224e-07,1.2910427809499193e-05
33.1875,172.3125,1.2251551898399351e-06,3.7982746841384177e-05
-33.3125,41.1875,5.898745213777125e-08,-1.2106353201779436e-05
-45.9375,133.9375,1.1451094239739068e-07,-1.3233631939489068e-05
-55.6875,84.0625,7.994901964367062e-07,-2.3885446359557652e-05
-54.8125,-129.0625,5.987848072985495e-07,-1.906652724875135e-05
-52.6875,-145.1875,3.524940898735895e-07,-2.3359707772414368e-05
-61.4375,109.9375,3.7301540766795404e-07,-1.547510614413148e-05
-23.9375,70.1875,2.899019771372043e-07,-1.3163466128607905e-05
28.1875,155.1875,3.70964450540119e-07,1.8998980265407627e-05
-33.3125,15.1875,3.1780080471605143e-07,-5.017128046864494e-05
24.0625,163.9375,1.7071647578187238e-07,8.715524368482058e-06
-44.8125,59.9375,6.368973136768019e-07,-1.844913552523746e-05
48.3125,-35.4375,3.1380911844020853e-07,1.1453214665144537e-05
19.0625,88.5625,3.4552815787865484e-07,1.936914734138545e-05
-54.8125,-172.6875,8.013286248182001e-07,-2.828748415301074e-05
-48.6875,110.1875,5.185508473640063e-07,-2.71479394558011e-05
30.3125,172.4375,3.4330862822828826e-07,1.5449714705748547e-05
76.0625,136.5625,7.347919719919743e-08,2.8385718753487446e-06
41.3125,-37.8125,4.7598184843706094e-07,1.3426230858824482e-05
-44.1875,64.0625,2.2269331127379187e-07,-2.0374956085081563e-05
28.9375,121.9375,8.903194879114736e-07,2.826497151369811e-05
-51.4375,148.6875,7.616352311969686e-07,-2.856140400564492e-05
31.8125,-123.9375,2.650009326374716e-07,1.297839068453378e-05
22.1875,135.1875,3.2760247740830766e-07,1.6087654495821834e-05
50.5625,-26.1875,2.400985828757057e-07,1.6230717450188227e-05
-50.0625,96.9375,6.617290105560422e-07,-2.1488969127515307e-05
-19.6875,38.4375,5.429173177220648e-07,-2.6407427902873785e-05
24.5625,157.5625,9.713368096532448e-08,1.0241753189898362e-05
20.3125,-84.6875,4.3336575665427e-07,2.7584444788231575e-05
23.9375,-72.3125,1.7279745539535582e-07,2.058059595814088e-05
49.6875,-28.9375,2.5307793421022094e-07,1.7527982145546054e-05
50.3125,-35.8125,3.174296222897068e-07,1.4886179125637608e-05
-57.5625,-101.4375,3.6377706628236086e-07,-1.1988410685156788e-05
-41.6875,48.1875,3.629092533536487e-07,-2.0620013203783e-05
-49.9375,98.8125,4.860061823635048e-07,-2.105716913788857e-05
-14.8125,101.1875,1.0624377731986653e-07,-7.219721771381366e-06
-35.3125,40.6875,5.429054717949961e-07,-1.6432909413046677e-05
30.1875,-120.8125,7.6971909631518e-08,1.3867210538829107e-05
-53.4375,-154.3125,4.697905755638141e-07,-1.3196482624538148e-05
30.6875,-46.3125,1.7680894790890428e-07,9.503681162771123e-06
39.1875,138.4375,4.877956216430633e-07,1.6499285138606254e-05
-24.9375,-39.5625,5.027487405932945e-07,-2.6264503322139593e-05
-49.0625,37.6875,7.020686345142118e-07,-1.414882723972297e-05
-44.8125,148.1875,6.120639249995607e-07,-3.3095861061302054e-05
-23.3125,41.6875,1.6540307845665376e-07,-1.216164805837439e-05
-59.4375,-103.9375,1.0593808740553289e-06,-2.5137190842209176e-05
-52.8125,118.9375,7.393039010318648e-07,-2.0744483390311072e-05
-47.0625,-17.3125,1.5944225704719722e-07,-1.0934229906148729e-05
-61.3125,176.6875,3.55395081622756e-07,-1.433016257582412e-05
51.0625,-33.1875,4.398659599229656e-07,1.5244394973555014e-05
-57.8125,-56.5625,1.4861085536872213e-07,-1.0053535659220308e-05
-46.9375,-15.0625,1.792208369457137e-07,-8.200531278028577e-06
-54.6875,-53.1875,9.741322893679457e-07,-3.243247194006517e-05
-50.6875,111.1875,3.537399373919486e-07,-1.1755762959386541e-05
-55.1875,97.8125,1.5192500807273817e-07,-1.5709994068925718e-05
39.5625,159.8125,3.38688463149949e-07,1.4327317729631684e-05
39.8125,-130.4375,2.314171638510903e-07,9.999975004275018e-06
-50.1875,20.6875,5.932075984391303e-07,-1.4689501993510121e-05
-49.5625,92.9375,5.215703505179526e-07,-3.4131469776740704e-05
25.6875,-60.5625,1.089534901741858e-07,8.829018781162609e-06
50.4375,-23.4375,6.49544071360024e-07,1.8201673095195267e-05
-53.8125,-49.0625,2.7048281672985517e-07,-2.060527324602333e-05
-49.9375,-30.8125,8.980711932820594e-07,-2.813721939313173e-05
-28.4375,156.9375,8.085242159622645e-07,-3.2412010389673646e-05
39.1875,153.6875,2.978093376938431e-07,1.585100508755049e-05
-50.9375,-140.9375,4.487631388743453e-07,-1.9564329680951888e-05
-60.4375,-98.8125,3.7136689980386486e-07,-1.4709718542554112e-05
31.6875,175.6875,4.583898227788314e-07,1.552642201959374e-05
41.1875,146.5625,5.836744309001729e-08,1.476325862415e-05
-64.9375,-110.3125,2.153055571731354e-07,-8.33187340211308e-06
-38.0625,105.1875,5.768174626105094e-07,-2.595159391128885e-05
-41.9375,29.3125,5.97804190193296e-07,-2.432114823336513e-05
-53.6875,176.8125,1.4123921939248958e-06,-2.6477134650399707e-05
27.9375,160.8125,3.017149147000461e-07,1.071319090230472e-05
-17.3125,86.3125,3.0990601446661826e-08,-5.331650928693225e-06
40.4375,144.5625,4.868238397851982e-08,9.95504447450724e-06
-59.6875,-75.5625,3.2847305302389897e-07,-9.541499292890048e-06
-55.5625,96.1875,4.295702704788959e-07,-1.756413614477473e-05
-46.8125,91.5625,7.78313988985582e-07,-1.6361631651199568e-05
-58.6875,-83.9375,7.956417101036034e-07,-2.1377071843507484e-05
-45.1875,-57.5625,4.399640776018016e-07,-1.4709848012873953e-05
-49.1875,-178.0625,8.525263563759549e-07,-2.7201016035089573e-05
-53.1875,99.9375,3.150729380499167e-07,-9.09008647642673e-06
-55.0625,121.8125,4.463990832109386e-07,-1.2948130410907413e-05
51.6875,171.9375,1.4297459586326684e-07,8.187666275044388e-06
-61.0625,129.1875,8.665438421545253e-07,-1.3235509794521004e-05
44.0625,-26.1875,1.9621730945027882e-07,1.1684994900856888e-05
30.0625,-74.6875,3.9893076395855246e-07,1.9735943665128566e-05
-59.3125,167.0625,1.6616092671224417e-07,-1.7136611155058947e-05
26.5625,-73.8125,3.2522767998850085e-07,2.446992719602419e-05
-60.9375,169.4375,3.93277452499952e-07,-1.9964410884996363e-05
26.8125,-86.4375,6.72108822202917e-07,4.244127545278923e-05
-60.3125,-22.9375,5.374376232606522e-07,-3.2963558750022104e-05
51.4375,-19.6875,2.7146836283254166e-07,1.637498086366159e-05
-63.5625,135.8125,8.645652718760887e-07,-3.2180985320759215e-05
-51.1875,36.1875,3.200763986484323e-07,-1.75608433348343e-05
-48.4375,-168.9375,6.278645410253129e-07,-2.1199798251406407e-05
-49.3125,143.5625,3.541739049362187e-07,-1.354221912766615e-05
-40.1875,-29.6875,2.934519202821703e-07,-7.566344585768821e-06
26.6875,151.5625,2.549313135508986e-07,1.164886816238009e-05
-47.8125,-12.6875,4.1759464529440106e-07,-1.2325283340319555e-05
-30.5625,49.3125,3.321502364100957e-07,-1.1408022291871755e-05
-35.6875,36.5625,9.318285394176746e-07,-2.4923755486078534e-05
37.8125,171.5625,4.367318964557004e-07,1.3812067207474148e-05
-61.9375,-104.4375,3.0658443445312575e-07,-1.249243896466674e-05
-53.9375,125.1875,1.5545964870846403e-07,-1.8244690986181952e-05
-61.3125,142.0625,2.8340439440540507e-07,-9.246937132984551e-06
-25.8125,86.0625,1.4437886110103456e-07,-1.1180490206353255e-05
53.8125,162.8125,7.471523651465942e-07,1.7887353766670712e-05
-46.3125,62.6875,6.015745945523718e-07,-1.984706801192646e-05
38.8125,-31.9375,7.227824469248169e-07,1.942108529797803e-05
49.9375,158.4375,2.830892277759481e-07,1.1820772632445865e-05
21.0625,162.4375,5.859924864860815e-08,1.0926534505320133e-05
37.3125,-72.5625,7.59443654153816e-07,3.382276351587355e-05
-25.1875,-176.4375,1.5429239970156285e-07,-1.539988235817565e-05
-57.1875,-62.4375,7.767144261212728e-07,-2.6918801456043867e-05
30.0625,163.4375,1.4073872563907006e-07,5.414283555945423e-06
-52.9375,-116.5625,3.3404621234992453e-07,-2.26897896518735e-05
22.3125,158.3125,1.2929468615379158e-07,1.575714592638845e-05
-52.1875,102.6875,4.7405754613765544e-07,-1.6375941062207562e-05
-40.6875,10.5625,6.266060305290426e-07,-5.291031769309205e-05
22.9375,126.0625,9.712676946093944e-08,1.6186330183234284e-05
-53.5625,105.3125,2.043410849569252e-07,-2.2730493561812305e-05
-58.8125,159.4375,3.9338346906211576e-07,-1.6497059279697722e-05
-62.0625,126.4375,2.981108041064931e-07,-1.3867784057287402e-05
-22.3125,62.8125,1.5657327602555186e-07,-1.1031412800403652e-05
-56.5625,26.8125,4.255917671194479e-07,-1.0246713579601492e-05
24.4375,171.0625,2.799594786000233e-07,1.8700029413773948e-05
-57.3125,165.9375,5.481097696656613e-07,-1.8243944968166547e-05
13.8125,-65.0625,3.3232026833621545e-07,3.6527665245677356e-05
-49.5625,-22.0625,3.850780099026794e-07,-1.691938447598217e-05
-48.6875,-47.5625,5.441733586900542e-07,-1.8866917528299024e-05
21.9375,-109.6875,2.3175127010438492e-07,1.9237368291652775e-05
-29.6875,164.0625,1.810593762436787e-07,-2.1395454947100735e-05
-57.9375,87.8125,1.341349969019931e-07,-1.6198832234461978e-05
70.3125,3.8125,3.2754819675502506e-07,1.1263638768113389e-05
-54.3125,107.4375,2.392934416167035e-07,-1.529960719830756e-05
-50.8125,154.6875,7.455609531372272e-07,-1.9562593946733864e-05
34.5625,-124.9375,3.3600351988661003e-07,1.1011851712364827e-05
-62.1875,30.6875,3.102299350298302e-07,-1.0138037529727234e-05
-49.9375,140.4375,5.608222373669983e-07,-1.824782112895992e-05
44.4375,-46.0625,1.5397232171323342e-06,3.166284480434243e-05
-44.5625,144.3125,8.281145964391759e-07,-3.07417410429293e-05
25.4375,153.1875,3.830534468827578e-07,2.2432194943807128e-05
-28.3125,-44.4375,2.433243280386092e-07,-2.6985512807187305e-05
62.5625,-91.4375,1.06165060034311e-07,4.2807213177974905e-06
-62.1875,118.5625,1.765966971904401e-07,-1.713223073918098e-05
47.8125,-21.8125,1.7370237161264183e-07,1.0846626519964465e-05
-25.1875,155.4375,2.0388351389811084e-07,-2.2003280970622832e-05
33.4375,-27.4375,8.633499552707649e-08,8.890566743556773e-06
36.8125,-129.9375,1.9963049281287222e-07,8.390477918472832e-06
45.3125,-35.0625,1.4039008031544987e-07,1.2365537610901649e-05
18.1875,-75.6875,2.9057154513149025e-07,2.2753234312559505e-05
29.4375,-69.0625,4.854695065796856e-07,1.7548051593116256e-05
-12.5625,79.3125,1.162689014202179e-08,-3.952683556234333e-06
-41.4375,20.5625,5.955679485709538e-07,-4.767690732093384e-05
-61.6875,93.4375,6.723112030195956e-07,-1.3692009526272068e-05
-62.8125,123.3125,6.527715120775742e-07,-1.65120996127837e-05
-54.0625,116.3125,2.0249947081111346e-07,-6.155657360658589e-06
20.1875,-57.5625,5.508903162798456e-08,6.3294659547846745e-06
-61.4375,-132.8125,1.6527198613142299e-07,-1.2101562721210125e-05
-47.5625,101.0625,3.185795166378334e-07,-1.6181126463120283e-05
-26.1875,109.6875,3.124243035211542e-07,-2.294911499954356e-05
20.1875,123.0625,2.413850987056422e-07,3.1299384193696415e-05
57.3125,-23.4375,7.690161088213079e-08,2.6852649473625644e-05
-66.3125,-98.6875,5.819737501956828e-07,-1.5601748406547515e-05
-52.9375,-21.6875,3.175406912103641e-07,-1.8804328162774615e-05
-62.5625,-127.3125,6.245472770310913e-07,-1.9744153986696034e-05
-35.0625,-42.5625,2.519633883382022e-07,-2.4409144915609995e-05
-53.1875,-54.8125,7.913765176386548e-07,-1.9357526508585338e-05
-62.8125,35.1875,9.691203679658934e-08,-5.744614922827632e-06
16.0625,-66.1875,4.902993442113112e-07,3.0092455375009208e-05
-51.3125,-152.3125,1.8037283125811785e-07,-6.602756023132944e-06
19.5625,-59.4375,1.800263988724864e-07,1.3591829495749356e-05
-29.3125,54.3125,9.220061661265934e-08,-1.1076371211248952e-05
-27.0625,168.6875,3.6737287212515105e-07,-2.53347070931524e-05
-52.0625,108.6875,1.0441713974305861e-07,-8.546659238619293e-06
18.3125,124.5625,1.3580217840056135e-07,1.78661188302027e-05
18.3125,-79.8125,2.3826313526991524e-07,1.6694686019694217e-05
30.9375,177.5625,3.07970505804049e-07,1.0540556221971043e-05
-39.8125,107.5625,6.55437879229515e-07,-2.9070160829645816e-05
32.9375,-44.8125,2.768709269004542e-07,9.951019709720723e-06
-40.9375,-37.4375,3.7591267057145335e-07,-1.5832864021113144e-05
32.6875,164.6875,1.6954679068719744e-07,2.3612921765921146e-05
-60.3125,97.5625,9.30665989139689e-07,-1.723171641249218e-05
-56.5625,-104.8125,8.125339442528592e-07,-1.578132745429376e-05
-48.3125,-9.4375,1.9097903053217297e-07,-9.500138362110025e-06
-36.4375,117.1875,1.057639964109823e-06,-2.9912830384560207e-05
-35.8125,114.4375,6.726155224544793e-07,-2.141283695871344e-05
-60.3125,-172.3125,6.956661867173714e-07,-1.8088487328965925e-05
-54.3125,129.0625,2.5988861167051745e-07,-1.0374885125136399e-05
-30.6875,101.4375,4.006902486212402e-07,-1.485178328641228e-05
-36.4375,98.0625,4.39080698976454e-07,-2.2675068064886507e-05
-34.5625,4.3125,2.6318783156709987e-07,-9.242347452564616e-06
-47.0625,123.4375,7.955507093567333e-07,-1.850677106608208e-05
24.1875,-78.5625,2.849883807417755e-07,3.28844725747538e-05
-24.9375,78.0625,2.3453803544762118e-07,-9.52831699380651e-06
-43.5625,141.8125,3.456604460384095e-07,-2.4975298930602948e-05
-52.9375,-158.9375,8.967584047855104e-08,-5.787233144097004e-06
-62.0625,-125.3125,2.1012845350408004e-07,-1.435153518704161e-05
-43.3125,155.1875,2.9461102533883073e-07,-2.992199402266562e-05
-12.8125,84.9375,4.45638476162138e-08,-4.916606735541326e-06
-62.1875,173.9375,5.17557521815037e-07,-1.9672536728119703e-05
-47.8125,20.9375,1.824307970710364e-07,-1.36970802659705e-05
21.4375,169.4375,7.674962578352324e-08,9.637260568530478e-06
38.0625,129.8125,1.111808952448876e-06,3.3164579364093386e-05
-62.3125,106.8125,1.9317209346683458e-07,-1.3375599014625535e-05
-46.1875,88.1875,6.75988083123866e-07,-1.8065874364956785e-05
-29.3125,83.1875,7.154296601685912e-08,-1.7625232122918483e-05
-45.8125,-8.0625,4.469041968362537e-07,-1.2707115403540672e-05
-40.3125,68.3125,3.971578221644432e-07,-2.216193033022e-05
38.3125,-125.6875,1.3380817146512635e-07,1.3143145171823616e-05
55.9375,-13.4375,8.550736916273783e-07,2.494675384582022e-05
56.9375,-26.6875,4.0110792188645915e-07,1.1761247511711794e-05
-60.3125,133.4375,2.5216883847234547e-07,-7.530531232065933e-06
16.5625,-57.8125,2.7343006131410617e-07,2.0662382710253296e-05
-62.0625,136.3125,5.770046313100327e-07,-1.4632903444873007e-05
-58.1875,27.5625,9.2446844289165e-08,-9.11644005885627e-06
-58.3125,151.4375,4.105707490717954e-07,-2.1650007254390798e-05
58.4375,-142.5625,1.8290476571870105e-07,1.745717735062902e-05
19.6875,-160.0625,7.443857224428316e-08,1.2833992354342833e-05
-49.1875,103.6875,3.8687570088376506e-07,-2.2921335891941756e-05
24.0625,-170.9375,3.197025721256183e-08,7.5049355480059865e-06
-9.8125,74.3125,4.033897208736468e-08,-4.034586546774674e-06
19.8125,-170.5625,3.269540403778799e-07,2.0059309560507574e-05
-56.0625,163.8125,2.5583812577993457e-07,-2.701470776980125e-05
-34.8125,25.1875,1.9961498756997996e-06,-5.1954915366959034e-05
-22.5625,66.6875,2.2425308582483577e-07,-1.079474581471516e-05
-18.3125,152.1875,3.2737517581403607e-07,-2.495247390481534e-05
17.9375,114.9375,2.1611971899159623e-07,9.829255985256301e-06
-52.6875,-23.6875,9.167737388169941e-08,-1.5815011761532683e-05
50.9375,167.8125,3.1952235321595185e-07,6.229936633070795e-06
16.1875,-74.1875,9.474370925281298e-08,8.938234742276186e-06
-58.5625,35.6875,1.4700834567330977e-07,-1.495119538644016e-05
-18.1875,67.6875,2.3005016944622064e-07,-1.5667238841683807e-05
-56.9375,33.9375,5.353601907301441e-07,-2.6030228168120384e-05
28.1875,-54.4375,2.4576898297524914e-07,9.814322456979163e-06
33.5625,129.5625,6.658062432407614e-07,1.7524529313107207e-05
-42.6875,-10.5625,2.5831662831125496e-07,-9.227221526706502e-06
-41.5625,82.1875,3.9048672437841787e-07,-1.595109275331507e-05
47.6875,160.5625,4.0263803919694394e-07,1.2960141243789167e-05
-47.5625,-166.0625,5.756007008056286e-07,-2.1928604270015428e-05
27.3125,-63.3125,3.5441482809675003e-08,9.085581419944039e-06
-51.9375,131.4375,3.199841792872557e-07,-1.905036795995414e-05
30.0625,-174.9375,5.992494775254955e-08,6.913612952883926e-06
-25.1875,81.8125,3.846662220359682e-07,-1.164535205635308e-05
49.5625,-126.9375,2.1794996735883185e-07,9.494286226568474e-06
-29.4375,108.9375,4.484845466313115e-07,-3.121223172532076e-05
14.4375,-95.9375,9.263807095559238e-08,2.8039740304072883e-05
-64.1875,-128.9375,5.034337059931726e-08,-8.714646330986112e-06
-63.6875,-78.9375,3.9863092722033047e-07,-2.0032493890084246e-05
49.5625,-124.4375,2.9655969619017193e-07,8.60218049972922e-06
20.5625,175.3125,2.717470492394813e-08,9.967487625254582e-06
-62.9375,-177.4375,3.060620513793802e-07,-1.6634871271613535e-05
-27.5625,58.1875,1.2397908962566891e-07,-7.886871907541337e-06
36.4375,-36.3125,6.135000915661692e-07,2.1245840204648407e-05
-40.3125,128.6875,6.985616957777608e-08,-1.3205131996273402e-05
-20.5625,72.6875,6.410040811595665e-08,-1.1656761106244815e-05
-43.6875,102.1875,1.0260633959162326e-07,-1.626272515983857e-05
32.0625,-67.0625,1.4993063706748529e-07,6.822227262556923e-06
-52.1875,-129.5625,9.167804649582734e-07,-2.369646810787635e-05
-29.6875,7.8125,2.1328425625639838e-07,-8.488738396513822e-06
27.3125,178.1875,2.3710091828457712e-07,9.018447794845747e-06
34.0625,26.1875,1.6059771401851248e-07,1.4907665289801932e-05
-54.4375,-101.5625,5.545741556801945e-07,-1.2866171014083413e-05
-51.3125,160.6875,4.578420499478615e-07,-3.677445082036092e-05
53.3125,-22.5625,3.602822819172902e-07,1.164611746563751e-05
53.6875,165.4375,2.2865529672219138e-07,5.948977809632547e-06
-56.4375,142.3125,1.3002882628916835e-07,-1.1304145933690583e-05
-36.9375,63.8125,5.026760026293647e-07,-1.2812468591470919e-05
57.8125,-139.8125,1.049113575564472e-07,6.551223697247168e-06
-63.6875,130.0625,1.1921540402691669e-06,-2.440388407182622e-05
-14.8125,160.0625,4.691246313453432e-08,-1.3060561278165788e-05
77.3125,-74.9375,2.1525742240370445e-07,1.173962161101781e-05
-50.9375,-23.8125,9.321677857992032e-07,-3.072619919270286e-05
-41.6875,75.4375,1.594490823869952e-07,-1.1638595539350957e-05
23.6875,118.5625,5.346378767704224e-07,1.9012436859256866e-05
14.6875,-80.3125,3.616465387237934e-08,8.06658974522077e-06
-44.0625,57.0625,3.3548274410515145e-07,-1.922596054734313e-05
22.0625,-59.6875,2.723930939585546e-07,1.17874972716035e-05
21.3125,-155.3125,2.952285119793646e-07,1.6648280548408286e-05
40.8125,-27.6875,3.2728571830457197e-07,8.934999019069374e-06
20.8125,-107.9375,4.122010519545418e-08,7.838968251757612e-06
25.1875,128.4375,2.9400979376695997e-07,1.7217591614093897e-05
-65.1875,-75.8125,2.2808322869072307e-07,-1.2646944527843227e-05
-43.3125,15.5625,1.816355953425546e-07,-2.2925977971880475e-05
64.3125,-177.5625,1.0264291797893853e-07,3.5429356107319485e-06
23.8125,-175.1875,1.5734529130893992e-07,7.581688558761298e-06
45.6875,161.0625,1.81274471067837e-07,1.0370834684870159e-05
-55.6875,170.9375,3.873756581012943e-07,-1.6103984720243848e-05
55.3125,163.0625,3.4044123621622007e-07,1.4290130455733483e-05
-37.5625,-34.0625,3.933889693052924e-07,-1.2783045792112916e-05
53.9375,-17.1875,5.119785162196328e-07,1.5390205444570644e-05
-28.6875,32.6875,4.4060817468011147e-07,-3.438927389669861e-05
-56.0625,-49.9375,4.0979726227122185e-07,-1.4282980328844339e-05
27.6875,-159.8125,1.5843583737748663e-07,6.7456695340038585e-06
-31.4375,14.1875,3.888312361525512e-07,-1.3502548465182317e-05
25.9375,-55.4375,1.367131049352787e-07,1.8641748052060166e-05
-55.8125,-48.4375,8.720980139360043e-07,-1.6935704375958693e-05
-55.0625,33.4375,1.3731984456133824e-07,-2.1532494509582083e-05
-45.6875,103.8125,8.603069642710766e-08,-8.85979341869851e-06
-45.0625,2.0625,6.05535062929951e-08,-6.4944455571082635e-06
24.4375,137.8125,7.584587215045832e-08,7.52338800918982e-06
-60.4375,-165.0625,3.774449740901057e-07,-1.3264063403026556e-05
-51.4375,7.0625,2.8206805247644286e-07,-9.004309726410474e-06
-42.1875,96.8125,3.852748052992411e-07,-1.578409528048221e-05
-64.4375,140.3125,3.4669992901709324e-07,-1.653250538658926e-05
36.4375,-40.4375,3.383706908830376e-07,1.2060068722220692e-05
-62.1875,-85.9375,3.6520426599522944e-07,-8.769335245581496e-06
65.6875,-33.0625,2.6969594602366335e-07,1.6130317607463458e-05
56.1875,167.1875,2.4461559731111313e-07,7.248107227947678e-06
-35.1875,107.8125,8.124424740924588e-08,-1.3259534675022621e-05
30.6875,-40.9375,1.054506946875654e-07,6.416824511419304e-06
51.9375,-128.3125,1.2468298656623113e-07,4.694012076473452e-06
34.6875,-41.4375,1.8124692202715068e-07,6.810500524304994e-06
-35.0625,-40.1875,7.495283208167521e-08,-5.893432900812508e-06
-46.0625,-0.6875,2.3068561956109125e-07,-7.910310335617925e-06
24.9375,174.5625,3.545544363677592e-07,1.881340056281463e-05
-35.5625,57.4375,3.7550390439501447e-07,-1.3651244495015707e-05
69.9375,9.3125,1.5336247295187287e-06,2.6271501562307342e-05
-39.1875,59.3125,8.203867685633911e-07,-2.7047152811367117e-05
53.8125,-130.3125,8.65024777822892e-08,3.9501229434307285e-06
-44.0625,8.4375,1.4023802043730642e-07,-5.7173699944898805e-06
-41.9375,93.5625,2.1540798690207412e-07,-7.006965063932631e-06
-67.1875,-93.1875,2.794662381546881e-07,-8.251162526680732e-06
-55.0625,-152.0625,2.1037816783609537e-07,-1.0242864214764434e-05
29.0625,-63.6875,1.1889445509886211e-07,6.45349033429996e-06
-26.8125,72.3125,1.1811901218222513e-07,-1.2173949035893192e-05
26.8125,-120.3125,6.489004248769165e-08,6.9102899850331225e-06
63.8125,-31.9375,2.3704707050860377e-07,1.877546373109343e-05
-57.1875,109.6875,2.373334850260852e-07,-1.665472452828142e-05
-27.1875,105.9375,5.833408196653371e-07,-2.0559204792807852e-05
38.0625,5.5625,2.6515131292956197e-07,1.3923993394412694e-05
45.8125,-17.5625,6.51233739567023e-08,1.0167795147072032e-05
54.1875,172.1875,8.655346407008157e-08,7.415138906911057e-06
-23.0625,57.0625,1.8432123262502659e-07,-1.3499126317991671e-05
-62.3125,85.0625,1.2230779865555656e-07,-1.4787294213402789e-05
32.1875,-129.5625,1.4284067794104073e-07,1.2132429808524548e-05
43.8125,158.8125,3.0926392305302754e-07,1.3466111103625418e-05
-32.5625,96.9375,3.9873366724326727e-07,-1.3496392452494948e-05
56.8125,-10.9375,4.823260606380321e-07,2.0490678868398974e-05
63.1875,-172.5625,8.103753842081852e-08,3.955179097410228e-06
57.8125,-137.3125,2.729062094066403e-07,1.1395713361340746e-05
-61.3125,100.0625,5.94758695588671e-08,-1.0408757340948713e-05
24.4375,178.3125,1.7629364242985236e-07,1.4054317874208138e-05
-44.0625,24.5625,4.626734831819346e-07,-1.0192112967248545e-05
-62.0625,-175.6875,3.6009082570651676e-07,-1.2629185353930601e-05
24.4375,-114.3125,5.9378057495071923e-08,1.9479764146787528e-05
55.5625,-24.4375,5.04883129288792e-07,1.8393864783560444e-05
47.8125,-24.9375,2.4555206674938805e-07,9.50958032335517e-06
-27.1875,-152.3125,2.7499850719008065e-07,-2.125443814949149e-05
26.1875,-150.6875,1.2160056409286905e-07,8.53460234959147e-06
32.8125,-59.6875,2.9995922651924845e-07,1.068011049666467e-05
-50.1875,1.0625,1.164995757703232e-07,-1.6475018733341617e-05
-33.1875,57.9375,2.4309112779902847e-07,-1.0292878884246416e-05
27.4375,-166.5625,4.91678976657786e-08,5.075462723460351e-06
-62.8125,66.8125,1.338439819700751e-07,-9.193408842917657e-06
-59.6875,-91.9375,2.67731961257247e-07,-1.3820309466406324e-05
50.9375,-45.3125,3.9129531402586247e-07,1.1209913347331548e-05
59.8125,-52.6875,2.246112876123702e-07,1.693178625983975e-05
52.3125,-42.1875,2.749446947088033e-07,7.705995486821953e-06
22.3125,-49.6875,5.547781531835516e-08,7.102493136257129e-06
41.6875,-124.6875,8.80749361639219e-08,1.056493549053511e-05
43.3125,148.8125,3.70784790220066e-07,1.2126547481111685e-05
-55.9375,-145.8125,7.360261596860738e-07,-2.1016673858703568e-05
35.8125,-168.4375,2.0469039360331175e-07,1.1757610148451704e-05
-64.0625,-87.1875,3.849009416178377e-07,-8.973787265395932e-06
-33.4375,45.6875,3.1661790644664467e-07,-1.1840120578314733e-05
52.0625,-30.9375,4.47515554153878e-07,1.1718424591564593e-05
-21.0625,-149.8125,2.2412379033926172e-07,-2.046949188181872e-05
-54.4375,35.1875,6.803507286989882e-07,-1.537432702453977e-05
-54.4375,134.4375,1.4442225296781316e-07,-9.752069737308268e-06
-27.3125,75.5625,1.518719888660652e-07,-8.11909158629746e-06
25.0625,159.8125,5.046812285133015e-07,1.796299189498048e-05
-48.0625,98.9375,3.9015690496459677e-07,-1.7222875799048133e-05
-60.4375,-58.3125,2.540125565936419e-07,-7.681184055431754e-06
52.1875,161.3125,5.704851786443072e-07,1.3116329053234202e-05
43.5625,-20.5625,4.6051814319789515e-07,1.0262420710773776e-05
17.5625,-108.1875,1.3124054896061128e-07,8.590606926521555e-06
-45.6875,-21.1875,1.8777458867446845e-07,-9.427332758869534e-06
-61.9375,-64.4375,3.7293551161658146e-07,-1.1471057200917841e-05
-22.9375,177.4375,3.270090293395414e-07,-1.262149808087732e-05
40.4375,177.9375,2.959424467096381e-07,1.5292123147821058e-05
-26.8125,173.9375,1.8794123769765603e-07,-8.104116641135636e-06
-32.4375,113.4375,5.026886840455444e-07,-4.5407941777087e-05
60.0625,21.5625,2.601197543263043e-07,8.45631582542432e-06
23.4375,-54.5625,1.0151017921857667e-07,1.0552393012624442e-05
27.9375,-57.4375,1.387864404752121e-07,5.790495334017811e-06
31.0625,-117.3125,4.15286266454289e-07,1.827357722950916e-05
41.9375,-128.9375,7.452847119892919e-08,7.10355441494685e-06
-55.5625,93.1875,4.935772562039701e-07,-1.9222254797514034e-05
26.3125,-157.8125,1.0462949426331825e-07,7.115121162662978e-06
33.6875,-20.5625,2.2151141226667984e-07,5.899612137887138e-06
28.4375,-176.5625,1.308855175200623e-07,1.4307583646907102e-05
51.8125,159.5625,7.780382159874559e-07,2.021235578289242e-05
-57.3125,-8.9375,1.0802033939248151e-06,-3.1135308590223015e-05
-21.4375,70.9375,1.8830747582092561e-07,-9.954154119046374e-06
-51.5625,138.6875,2.563611519742412e-07,-1.0481032923958094e-05
-55.0625,-176.9375,3.383781764952942e-07,-9.556979445443456e-06
-56.6875,-85.6875,4.6356764835468065e-07,-1.4155152242328515e-05
-61.9375,101.6875,1.6767678158916978e-07,-1.154223956009127e-05
15.3125,-107.0625,7.347624311278996e-08,7.77559305978293e-06
18.0625,-129.0625,1.6542107352665786e-07,1.4159429454376935e-05
-53.0625,-169.3125,2.6267014701750686e-07,-1.1280288138574412e-05
26.3125,-50.8125,5.79964110786102e-08,3.834753049007596e-06
22.5625,172.3125,1.5512421406537198e-07,1.1517851172170458e-05
27.5625,-116.8125,3.3401487604537917e-07,1.2340240361091633e-05
-35.8125,0.9375,8.715873246586063e-08,-8.539867350305411e-06
23.4375,-158.8125,2.293208526855437e-07,1.378569095366923e-05
45.9375,154.8125,2.5508878810881646e-07,1.0616952872361616e-05
-26.4375,-148.9375,1.559820622152705e-07,-9.280490753526811e-06
54.9375,-21.4375,2.4037533581523507e-07,9.976285695572847e-06
32.3125,-14.3125,3.831647465069474e-07,1.4398715066571595e-05
-53.0625,-121.0625,5.593129698161743e-07,-1.5934325212552858e-05
17.9375,128.5625,7.501259163898379e-08,9.842385919251484e-06
-52.1875,135.8125,3.406114653625691e-07,-1.213869613243701e-05
-61.0625,62.9375,2.9193628587204554e-07,-1.0974979823205617e-05
-28.4375,66.5625,2.1381427234598696e-07,-9.114017211461715e-06
52.9375,-45.1875,1.9434522036315973e-07,9.707481411356499e-06
60.9375,-51.0625,5.50808699528887e-07,2.1474488424828155e-05
37.9375,-21.8125,2.1753581260216676e-07,9.608602775785362e-06
-25.9375,-125.0625,1.5248644750650433e-07,-6.420317056930859e-06
